entity_id,year_recorded,indicator_score,group_tag,metric_inflation,trade,metric_industry_share
USA,1960,2879,GermanyCase,1.075182,9.693181,34.508629
USA,1961,2929,GermanyCase,1.075182,9.4446545,34.508629
USA,1962,3103,GermanyCase,1.116071,9.4293242,34.508629
USA,1963,3227,GermanyCase,1.214128,9.470706,34.508629
USA,1964,3420,GermanyCase,1.308615,9.7258787,34.508629
USA,1965,3667,GermanyCase,1.668461,9.7303467,34.508629
USA,1966,3974,GermanyCase,2.9909999,10.097592,34.508629
USA,1967,4154,GermanyCase,2.775636,10.208102,34.508629
USA,1968,4494,GermanyCase,4.217721,10.593937,34.508629
USA,1969,4805,GermanyCase,5.414701,10.635633,34.508629
USA,1970,4999,GermanyCase,5.8952961,11.388641,34.508629
USA,1971,5362,GermanyCase,4.255929,11.367576,34.508629
USA,1972,5838,GermanyCase,3.3056149,11.967158,34.44429
USA,1973,6464,GermanyCase,6.2200642,13.713565,34.37521
USA,1974,6951,GermanyCase,11.03526,17.316135,34.03606
USA,1975,7519,GermanyCase,9.1319304,16.37969,33.22567
USA,1976,8300,GermanyCase,5.7370272,16.873659,33.760849
USA,1977,9146,GermanyCase,6.4864602,17.220591,34.264641
USA,1978,10229,GermanyCase,7.6474638,17.80619,34.037231
USA,1979,11306,GermanyCase,11.26604,19.280546,33.62648
USA,1980,12186,GermanyCase,13.50937,21.081579,33.514389
USA,1981,13533,GermanyCase,10.31553,20.363241,34.08828
USA,1982,13940,GermanyCase,6.1606159,18.471621,32.909691
USA,1983,15008,GermanyCase,3.212435,17.624308,31.497219
USA,1984,16549,GermanyCase,4.3172688,18.577013,31.87278
USA,1985,17600,GermanyCase,3.561116,17.642408,30.864519
USA,1986,18439,GermanyCase,1.858736,17.954124,29.44326
USA,1987,19407,GermanyCase,3.740876,19.116186,29.19973
USA,1988,20711,GermanyCase,4.009088,20.330818,29.606489
USA,1989,22047,GermanyCase,4.827003,20.730293,28.61904
USA,1990,23064,GermanyCase,5.3979559,21.18795,27.850321
USA,1991,23507,GermanyCase,4.2349639,21.26635,26.62006
USA,1992,24509,GermanyCase,3.02882,21.54221,25.72843
USA,1993,25409,GermanyCase,2.9516571,21.55765,25.61001
USA,1994,26670,GermanyCase,2.6074419,22.618219,26.082951
USA,1995,27574,GermanyCase,2.8054199,24.273979,26.29285
USA,1996,28814,GermanyCase,2.9312041,24.58247,25.7854
USA,1997,30262,GermanyCase,2.3376901,25.591539,25.384291
USA,1998,31519,GermanyCase,1.552279,24.690569,25.018841
USA,1999,33028,GermanyCase,2.1880269,24.690569,24.72505
USA,2000,34603,GermanyCase,3.376857,24.690569,24.443489
USA,2001,35341,GermanyCase,2.8261709,24.690569,23.04858
USA,2002,36180,GermanyCase,1.586032,24.690569,23.04858
USA,2003,37548,GermanyCase,2.2700951,24.690569,23.04858
UK,1960,2158,GermanyCase,3.5794179,43.25547,43.07859
UK,1961,2216,GermanyCase,3.5794179,41.533241,43.07859
UK,1962,2276,GermanyCase,4.103672,40.404633,43.07859
UK,1963,2386,GermanyCase,2.0746889,40.406586,43.07859
UK,1964,2534,GermanyCase,3.2113819,40.518764,43.07859
UK,1965,2660,GermanyCase,4.8050408,39.225338,43.07859
UK,1966,2794,GermanyCase,3.9083049,38.964634,43.07859
UK,1967,2923,GermanyCase,2.423146,39.313187,43.07859
UK,1968,3173,GermanyCase,4.731638,43.665131,43.07859
UK,1969,3391,GermanyCase,5.4619021,44.038982,43.07859
UK,1970,3615,GermanyCase,6.3618932,45.247738,43.07859
UK,1971,3854,GermanyCase,9.4078751,44.933399,43.07859
UK,1972,4149,GermanyCase,7.0879121,43.559044,42.560081
UK,1973,4683,GermanyCase,9.2098513,49.803581,42.135399
UK,1974,5036,GermanyCase,15.90322,60.96212,41.623749
UK,1975,5481,GermanyCase,24.235081,53.562061,40.488178
UK,1976,5953,GermanyCase,16.532551,58.169788,41.08992
UK,1977,6489,GermanyCase,15.88198,59.420418,41.33041
UK,1978,7176,GermanyCase,8.2159624,55.656792,41.465809
UK,1979,7973,GermanyCase,13.46571,55.690353,41.823872
UK,1980,8502,GermanyCase,17.970591,52.326874,42.346298
UK,1981,9161,GermanyCase,11.87983,50.51421,41.894661
UK,1982,9917,GermanyCase,8.5905294,50.752407,41.491692
UK,1983,10669,GermanyCase,4.607018,52.091301,40.901451
UK,1984,11336,GermanyCase,4.9534092,57.00433,40.382359
UK,1985,12068,GermanyCase,6.0654211,56.622364,39.762779
UK,1986,12795,GermanyCase,3.4276149,52.056396,39.134338
UK,1987,13717,GermanyCase,4.1489182,51.936165,38.030521
UK,1988,14864,GermanyCase,4.9079762,49.649181,37.21299
UK,1989,15716,GermanyCase,7.7972708,51.64563,36.629669
UK,1990,16397,GermanyCase,9.4755878,51.467461,35.17424
UK,1991,16681,GermanyCase,5.853981,48.209381,33.12701
UK,1992,17069,GermanyCase,3.7326009,49.349758,31.889669
UK,1993,17845,GermanyCase,1.564474,52.593632,31.270929
UK,1994,18975,GermanyCase,2.47645,54.257759,31.693331
UK,1995,19860,GermanyCase,3.410996,57.896839,31.996481
UK,1996,20923,GermanyCase,2.4487059,59.849579,31.86726
UK,1997,22280,GermanyCase,3.132333,57.84053,31.074129
UK,1998,23206,GermanyCase,3.41817,55.989063,29.46092
UK,1999,23959,GermanyCase,1.555385,55.989063,28.59877
UK,2000,25583,GermanyCase,2.9270999,55.989063,28.47661
UK,2001,27026,GermanyCase,1.820852,55.989063,27.475519
UK,2002,28969,GermanyCase,1.6344579,55.989063,26.990379
UK,2003,29609,GermanyCase,2.9136319,55.989063,26.59016
Austria,1960,1796,GermanyCase,3.5422561,48.126095,41.21851
Austria,1961,1899,GermanyCase,3.5422561,46.525959,41.21851
Austria,1962,1977,GermanyCase,4.3817849,47.171013,41.21851
Austria,1963,2074,GermanyCase,2.70877,47.977253,41.21851
Austria,1964,2224,GermanyCase,3.868571,48.415096,41.21851
Austria,1965,2336,GermanyCase,4.9309111,49.6133,41.21851
Austria,1966,2537,GermanyCase,2.2058821,50.31641,41.21851
Austria,1967,2668,GermanyCase,3.9749999,49.683853,41.21851
Austria,1968,2908,GermanyCase,2.773103,50.410915,41.21851
Austria,1969,3239,GermanyCase,3.0804019,54.232513,41.21851
Austria,1970,3732,GermanyCase,4.3728251,59.711964,41.21851
Austria,1971,4100,GermanyCase,4.7042618,59.185368,41.21851
Austria,1972,4513,GermanyCase,6.3620629,59.090919,41.525631
Austria,1973,4969,GermanyCase,7.5240822,59.262428,42.23682
Austria,1974,5622,GermanyCase,9.5217915,64.811729,42.260269
Austria,1975,6147,GermanyCase,8.4452553,61.598152,40.128139
Austria,1976,6810,GermanyCase,7.3186889,65.170868,39.3979
Austria,1977,7588,GermanyCase,5.4749999,65.209686,39.05883
Austria,1978,8117,GermanyCase,3.579047,64.740669,39.235649
Austria,1979,9288,GermanyCase,3.707094,69.698715,38.1772
Austria,1980,10312,GermanyCase,6.3253899,73.995857,38.09647
Austria,1981,11242,GermanyCase,6.8068619,76.079674,37.830849
Austria,1982,12148,GermanyCase,5.440414,71.684555,36.904591
Austria,1983,13048,GermanyCase,3.335381,70.534111,36.410431
Austria,1984,13533,GermanyCase,5.6648641,75.512695,35.23595
Austria,1985,14296,GermanyCase,3.1896939,79.065735,35.582439
Austria,1986,14921,GermanyCase,1.7009211,70.925285,35.291531
Austria,1987,15549,GermanyCase,1.4,69.633995,34.791962
Austria,1988,16595,GermanyCase,1.931295,74.935471,34.583389
Austria,1989,17768,GermanyCase,2.5638959,78.906845,34.11145
Austria,1990,19070,GermanyCase,3.2623219,79.029663,34.110531
Austria,1991,20172,GermanyCase,3.334348,78.769096,33.98061
Austria,1992,20960,GermanyCase,4.0297632,76.002907,33.033249
Austria,1993,21220,GermanyCase,3.6258061,73.35833,32.18623
Austria,1994,22139,GermanyCase,2.959065,75.149643,32.138279
Austria,1995,22976,GermanyCase,2.2500999,77.784943,32.44965
Austria,1996,24008,GermanyCase,1.843557,80.743919,32.29562
Austria,1997,24472,GermanyCase,1.325,85.257927,32.726978
Austria,1998,25314,GermanyCase,0.90467972,85.257927,32.84259
Austria,1999,26558,GermanyCase,0.56239301,85.257927,32.900028
Austria,2000,28359,GermanyCase,2.350462,85.257927,32.774849
Austria,2001,28855,GermanyCase,2.6599619,85.257927,32.168598
Austria,2002,29942,GermanyCase,1.810212,85.257927,31.984779
Austria,2003,30796,GermanyCase,1.3634191,85.257927,31.737129
Belgium,1960,1782,GermanyCase,0.98314607,77.341782,42.50227
Belgium,1961,1883,GermanyCase,0.98314607,80.016273,42.50227
Belgium,1962,2018,GermanyCase,1.404729,82.437759,42.50227
Belgium,1963,2122,GermanyCase,2.1533401,85.66539,42.50227
Belgium,1964,2288,GermanyCase,4.1756182,86.620453,42.50227
Belgium,1965,2414,GermanyCase,4.0598021,85.261909,42.50227
Belgium,1966,2559,GermanyCase,4.173892,89.370125,42.50227
Belgium,1967,2719,GermanyCase,2.912852,86.239647,42.50227
Belgium,1968,2958,GermanyCase,2.7033269,90.623016,42.50227
Belgium,1969,3308,GermanyCase,3.7457819,97.949638,42.50227
Belgium,1970,3797,GermanyCase,3.9141281,100.42813,42.50227
Belgium,1971,4129,GermanyCase,4.3405681,97.975098,42.50227
Belgium,1972,4512,GermanyCase,5.4475002,97.54892,41.944149
Belgium,1973,5039,GermanyCase,6.9552779,107.77507,42.515091
Belgium,1974,5707,GermanyCase,12.67789,120.51753,43.293011
Belgium,1975,6146,GermanyCase,12.7682,104.77955,40.01701
Belgium,1976,6854,GermanyCase,9.1587,110.8381,40.133949
Belgium,1977,7326,GermanyCase,7.1108479,109.5376,39.495281
Belgium,1978,8056,GermanyCase,4.4705949,105.68562,38.45702
Belgium,1979,8921,GermanyCase,4.4690838,116.28985,38.20924
Belgium,1980,10156,GermanyCase,6.6509752,117.16876,36.84375
Belgium,1981,11079,GermanyCase,7.628274,126.35263,34.465172
Belgium,1982,11827,GermanyCase,8.7258511,134.42366,34.4062
Belgium,1983,12334,GermanyCase,7.6633701,137.18913,34.140591
Belgium,1984,13113,GermanyCase,6.347517,146.64285,33.48085
Belgium,1985,13735,GermanyCase,4.8676758,140.55513,34.213501
Belgium,1986,14292,GermanyCase,1.295501,126.71104,33.229149
Belgium,1987,15013,GermanyCase,1.5544831,122.64662,32.101799
Belgium,1988,16209,GermanyCase,1.162051,129.20561,32.88089
Belgium,1989,17345,GermanyCase,3.1054499,138.38467,33.229431
Belgium,1990,18526,GermanyCase,3.4528229,134.00658,32.664299
Belgium,1991,19453,GermanyCase,3.2085519,130.8264,30.661619
Belgium,1992,20123,GermanyCase,2.429914,126.43597,30.110929
Belgium,1993,20308,GermanyCase,2.753963,120.23799,28.998671
Belgium,1994,21340,GermanyCase,2.377799,125.53788,28.923639
Belgium,1995,22248,GermanyCase,1.466814,129.36067,29.53443
Belgium,1996,22687,GermanyCase,2.058919,131.87495,29.14131
Belgium,1997,23416,GermanyCase,1.627459,141.31438,29.257811
Belgium,1998,24164,GermanyCase,0.95362258,149.6824,28.63953
Belgium,1999,24792,GermanyCase,1.119242,149.6824,27.95392
Belgium,2000,26631,GermanyCase,2.5462461,149.6824,28.08952
Belgium,2001,28001,GermanyCase,2.4712729,149.6824,27.25738
Belgium,2002,29330,GermanyCase,1.643454,149.6824,27.01092
Belgium,2003,30082,GermanyCase,1.5913121,149.6824,26.484779
Denmark,1960,2329,GermanyCase,3.4516289,65.782196,31.78034
Denmark,1961,2485,GermanyCase,3.4516289,61.540672,31.78034
Denmark,1962,2665,GermanyCase,7.37782,60.337379,31.78034
Denmark,1963,2700,GermanyCase,6.1050329,60.416042,31.78034
Denmark,1964,2980,GermanyCase,3.092783,61.678101,31.78034
Denmark,1965,3177,GermanyCase,5.4499998,61.388741,31.78034
Denmark,1966,3377,GermanyCase,7.06496,59.872742,31.78034
Denmark,1967,3580,GermanyCase,8.2078533,57.854729,31.78034
Denmark,1968,3892,GermanyCase,7.9536152,57.879894,31.78034
Denmark,1969,4352,GermanyCase,3.487931,58.468327,31.78034
Denmark,1970,4541,GermanyCase,6.5148368,60.321808,31.78034
Denmark,1971,4858,GermanyCase,5.8698769,58.494747,31.78034
Denmark,1972,5262,GermanyCase,6.5623479,54.942623,31.531469
Denmark,1973,5719,GermanyCase,9.3033886,60.465103,30.284731
Denmark,1974,6121,GermanyCase,15.2752,68.138985,29.58704
Denmark,1975,6565,GermanyCase,9.6056137,62.650646,29.250561
Denmark,1976,7371,GermanyCase,9.0,63.949295,28.24987
Denmark,1977,7901,GermanyCase,11.13914,62.842953,28.02203
Denmark,1978,8585,GermanyCase,10.00894,59.208858,27.56307
Denmark,1979,9566,GermanyCase,9.6110554,62.885948,26.88064
Denmark,1980,10362,GermanyCase,12.30532,68.160645,28.233141
Denmark,1981,11106,GermanyCase,11.79159,74.18737,26.577101
Denmark,1982,12115,GermanyCase,10.08994,74.134293,26.75725
Denmark,1983,12822,GermanyCase,6.9073091,72.488731,26.989759
Denmark,1984,13777,GermanyCase,6.3220792,73.978584,27.290581
Denmark,1985,14698,GermanyCase,4.652379,74.850471,27.62063
Denmark,1986,15608,GermanyCase,3.7212789,66.168907,28.24608
Denmark,1987,16024,GermanyCase,3.9850709,62.581482,27.91802
Denmark,1988,16766,GermanyCase,4.5501909,63.532341,27.08609
Denmark,1989,17418,GermanyCase,4.7840528,67.066689,27.020679
Denmark,1990,18237,GermanyCase,2.6527159,66.584679,26.544291
Denmark,1991,19070,GermanyCase,2.36796,68.532112,26.169559
Denmark,1992,19829,GermanyCase,2.1019809,66.430893,26.345341
Denmark,1993,20199,GermanyCase,1.250985,63.976089,25.190121
Denmark,1994,21691,GermanyCase,1.994357,65.612671,25.311541
Denmark,1995,22693,GermanyCase,2.0984361,66.717857,25.757509
Denmark,1996,23781,GermanyCase,2.1113601,66.073807,25.95113
Denmark,1997,24878,GermanyCase,2.195791,68.587067,26.045151
Denmark,1998,25669,GermanyCase,1.853178,68.587067,26.000641
Denmark,1999,27113,GermanyCase,2.4786849,68.587067,26.2223
Denmark,2000,28798,GermanyCase,2.9247789,68.587067,27.18491
Denmark,2001,29837,GermanyCase,2.3499999,68.587067,26.28203
Denmark,2002,30318,GermanyCase,2.4263151,68.587067,26.400669
Denmark,2003,30853,GermanyCase,2.09062,68.587067,26.40539
France,1960,1858,GermanyCase,2.414562,26.919622,38.649269
France,1961,1959,GermanyCase,2.414562,26.21155,38.649269
France,1962,2099,GermanyCase,5.2472501,24.89856,38.649269
France,1963,2205,GermanyCase,4.9396901,25.005909,38.649269
France,1964,2367,GermanyCase,3.2293379,25.622961,38.649269
France,1965,2526,GermanyCase,2.71474,25.749504,38.649269
France,1966,2728,GermanyCase,2.5707209,26.475941,38.649269
France,1967,2915,GermanyCase,2.8183191,26.188457,38.649269
France,1968,3163,GermanyCase,4.5521288,26.57132,38.649269
France,1969,3531,GermanyCase,6.0393262,28.73958,38.649269
France,1970,3857,GermanyCase,5.8454752,31.085831,38.649269
France,1971,4203,GermanyCase,5.3975139,31.760962,38.649269
France,1972,4535,GermanyCase,6.063004,32.391918,38.697899
France,1973,5008,GermanyCase,7.3805971,34.279339,37.94067
France,1974,5594,GermanyCase,13.64932,42.390965,37.567768
France,1975,6077,GermanyCase,11.68593,36.927505,37.66209
France,1976,6673,GermanyCase,9.625493,39.892372,37.490768
France,1977,7292,GermanyCase,9.4945564,40.849865,36.88102
France,1978,8031,GermanyCase,9.2505589,39.488529,36.230061
France,1979,8948,GermanyCase,10.64674,41.879051,35.840729
France,1980,9891,GermanyCase,13.53911,44.269318,36.0303
France,1981,10929,GermanyCase,13.33333,46.10194,35.172989
France,1982,11869,GermanyCase,11.97848,45.501305,34.09864
France,1983,12518,GermanyCase,9.459548,45.127838,33.51458
France,1984,13145,GermanyCase,7.6738029,47.646427,33.121159
France,1985,13746,GermanyCase,5.831099,47.159176,32.787128
France,1986,14308,GermanyCase,2.538527,41.344673,31.803949
France,1987,14940,GermanyCase,3.288898,41.144371,30.94018
France,1988,16040,GermanyCase,2.7008171,42.526455,30.74395
France,1989,17193,GermanyCase,3.498302,45.686443,30.22196
France,1990,18244,GermanyCase,3.3800571,45.130569,29.69998
France,1991,19021,GermanyCase,3.2169349,45.04747,29.520161
France,1992,19746,GermanyCase,2.3657651,44.026119,29.157129
France,1993,19920,GermanyCase,2.10601,41.841209,27.45125
France,1994,20695,GermanyCase,1.6608731,43.401379,27.18095
France,1995,21545,GermanyCase,1.778116,44.69141,27.2759
France,1996,22288,GermanyCase,2.0083621,45.604462,26.606609
France,1997,23370,GermanyCase,1.200322,49.360401,26.041229
France,1998,24412,GermanyCase,0.67259711,49.360401,25.945641
France,1999,25111,GermanyCase,0.5,49.360401,25.49264
France,2000,26690,GermanyCase,1.691542,49.360401,25.48119
France,2001,28043,GermanyCase,1.6634049,49.360401,25.501699
France,2002,28829,GermanyCase,1.9249279,49.360401,25.308121
France,2003,29210,GermanyCase,2.1010389,49.360401,24.47357
West Germany,1960,2284,GermanyCase,2.5157232,35.459682,44.987244
West Germany,1961,2388,GermanyCase,2.5157232,33.836784,44.987244
West Germany,1962,2527,GermanyCase,2.7607362,33.466377,44.987244
West Germany,1963,2610,GermanyCase,2.9850745,34.160629,44.987244
West Germany,1964,2806,GermanyCase,2.3188405,34.566139,44.987244
West Germany,1965,3005,GermanyCase,3.3994334,35.816799,44.987244
West Germany,1966,3168,GermanyCase,3.5616438,36.628227,44.987244
West Germany,1967,3241,GermanyCase,1.5873016,37.226662,44.987244
West Germany,1968,3571,GermanyCase,1.0416666,39.09016,44.987244
West Germany,1969,3998,GermanyCase,2.0618556,40.571236,44.987244
West Germany,1970,4367,GermanyCase,3.2828283,40.318378,38.217014
West Germany,1971,4686,GermanyCase,5.1344743,39.739914,48.001259
West Germany,1972,5055,GermanyCase,5.3488374,39.230003,46.946892
West Germany,1973,5553,GermanyCase,6.843267,40.75988,46.534359
West Germany,1974,6074,GermanyCase,6.818182,48.393688,45.70887
West Germany,1975,6603,GermanyCase,5.9961314,46.457829,43.37009
West Germany,1976,7367,GermanyCase,4.3795619,49.103081,43.613609
West Germany,1977,8090,GermanyCase,3.4965036,48.564785,43.166019
West Germany,1978,8928,GermanyCase,2.5337837,47.071793,42.96508
West Germany,1979,10067,GermanyCase,3.7891269,49.485752,43.08099
West Germany,1980,11083,GermanyCase,5.2380953,53.336185,36.04203
West Germany,1981,12115,GermanyCase,6.3348417,56.67342,35.423489
West Germany,1982,12761,GermanyCase,5.3900709,57.341839,34.778473
West Germany,1983,13519,GermanyCase,3.2301481,55.482639,35.085144
West Germany,1984,14481,GermanyCase,2.3468058,58.791813,34.51585
West Germany,1985,15291,GermanyCase,2.0382166,61.519432,34.851387
West Germany,1986,15998,GermanyCase,-0.2496879,55.117413,34.366795
West Germany,1987,16679,GermanyCase,0.12515645,52.914875,34.090187
West Germany,1988,17786,GermanyCase,1.125,53.910343,33.772335
West Germany,1989,18994,GermanyCase,2.8430161,57.664852,33.96273
West Germany,1990,20465,GermanyCase,2.7644231,58.3615,33.96273
West Germany,1991,21602,GermanyCase,3.7426901,58.3615,33.96273
West Germany,1992,22154,GermanyCase,4.0586247,58.3615,33.96273
West Germany,1993,21878,GermanyCase,3.6836402,58.3615,33.96273
West Germany,1994,22371,GermanyCase,2.8213167,58.3615,33.96273
West Germany,1995,23035,GermanyCase,1.6260163,58.3615,33.96273
West Germany,1996,23742,GermanyCase,1.3,58.3615,33.96273
West Germany,1997,24156,GermanyCase,1.7769003,58.3615,33.96273
West Germany,1998,24931,GermanyCase,0.87293887,58.3615,33.96273
West Germany,1999,25755,GermanyCase,0.67307693,58.3615,33.96273
West Germany,2000,26943,GermanyCase,0.67307693,58.3615,33.96273
West Germany,2001,27449,GermanyCase,0.67307693,58.3615,33.96273
West Germany,2002,28348,GermanyCase,0.67307693,58.3615,33.96273
West Germany,2003,28855,GermanyCase,0.67307693,58.3615,33.96273
Italy,1960,1620,GermanyCase,2.702703,26.573429,40.38538
Italy,1961,1763,GermanyCase,2.702703,26.883282,40.38538
Italy,1962,1900,GermanyCase,3.9473679,27.117237,40.38538
Italy,1963,2021,GermanyCase,7.5949368,27.785471,40.38538
Italy,1964,2093,GermanyCase,5.8823528,26.755199,40.38538
Italy,1965,2205,GermanyCase,4.4444451,27.677755,40.38538
Italy,1966,2400,GermanyCase,3.191489,29.030056,40.38538
Italy,1967,2624,GermanyCase,3.092783,29.300257,40.38538
Italy,1968,2910,GermanyCase,2.0,29.876673,40.38538
Italy,1969,3227,GermanyCase,1.960784,31.844769,40.38538
Italy,1970,3602,GermanyCase,4.807693,32.854187,40.38538
Italy,1971,3834,GermanyCase,5.5045872,33.224659,40.38538
Italy,1972,4101,GermanyCase,5.217391,34.73354,39.51487
Italy,1973,4594,GermanyCase,10.7438,36.741856,40.68504
Italy,1974,5240,GermanyCase,19.402981,44.558479,42.32259
Italy,1975,5601,GermanyCase,16.875,41.324772,41.31369
Italy,1976,6288,GermanyCase,16.577539,45.425701,42.21162
Italy,1977,6821,GermanyCase,17.43119,45.851334,41.67762
Italy,1978,7542,GermanyCase,12.10938,45.114742,41.045071
Italy,1979,8594,GermanyCase,14.63415,47.706306,40.675709
Italy,1980,9643,GermanyCase,21.2766,46.654396,40.379559
Italy,1981,10593,GermanyCase,17.794491,48.836246,39.038651
Italy,1982,11275,GermanyCase,16.38298,47.112198,38.13298
Italy,1983,11812,GermanyCase,14.62523,43.484116,36.95853
Italy,1984,12543,GermanyCase,10.84529,45.805889,36.528419
Italy,1985,13285,GermanyCase,9.2086334,46.108475,36.099941
Italy,1986,13896,GermanyCase,5.797101,38.941029,34.896999
Italy,1987,14688,GermanyCase,4.732254,38.368252,34.578098
Italy,1988,15784,GermanyCase,5.1129608,37.962685,34.441071
Italy,1989,16875,GermanyCase,6.2217188,40.167339,34.55434
Italy,1990,17946,GermanyCase,6.496273,40.0452,33.897999
Italy,1991,18845,GermanyCase,6.3000002,37.988586,32.910801
Italy,1992,19367,GermanyCase,5.0799618,39.345406,32.388691
Italy,1993,19778,GermanyCase,4.4762759,42.431316,31.35425
Italy,1994,20577,GermanyCase,4.027421,45.074287,31.301359
Italy,1995,21532,GermanyCase,5.2443709,51.247398,31.501289
Italy,1996,22235,GermanyCase,3.974524,48.172119,30.502131
Italy,1997,22810,GermanyCase,2.0431061,50.315632,30.06423
Italy,1998,23840,GermanyCase,1.96294,50.315632,29.91003
Italy,1999,24402,GermanyCase,1.655629,50.315632,29.311411
Italy,2000,25759,GermanyCase,2.5376871,50.315632,29.04274
Italy,2001,26586,GermanyCase,2.785166,50.315632,28.742929
Italy,2002,27320,GermanyCase,2.4653201,50.315632,28.28014
Italy,2003,27537,GermanyCase,2.672559,50.315632,27.804819
Netherlands,1960,2113,GermanyCase,1.732093,90.887093,37.20113
Netherlands,1961,2111,GermanyCase,1.732093,88.212914,37.20113
Netherlands,1962,2275,GermanyCase,2.2860379,86.703773,37.20113
Netherlands,1963,2360,GermanyCase,3.343184,87.91217,37.20113
Netherlands,1964,2566,GermanyCase,5.790884,86.539818,37.20113
Netherlands,1965,2739,GermanyCase,5.794898,83.929771,37.20113
Netherlands,1966,2874,GermanyCase,5.7968702,82.381424,37.20113
Netherlands,1967,3078,GermanyCase,3.486793,79.591179,37.20113
Netherlands,1968,3399,GermanyCase,3.6756129,79.654465,37.20113
Netherlands,1969,3951,GermanyCase,7.4282498,82.784653,37.20113
Netherlands,1970,4342,GermanyCase,3.6799369,88.73793,37.20113
Netherlands,1971,4705,GermanyCase,7.4775801,88.536026,37.20113
Netherlands,1972,4984,GermanyCase,7.79175,84.717201,36.960201
Netherlands,1973,5475,GermanyCase,8.0135193,88.922119,36.77002
Netherlands,1974,6165,GermanyCase,9.6093674,102.14023,36.934269
Netherlands,1975,6699,GermanyCase,10.21273,93.638176,35.57053
Netherlands,1976,7345,GermanyCase,9.0574865,95.766205,35.763512
Netherlands,1977,7959,GermanyCase,6.474103,91.196617,35.207821
Netherlands,1978,8676,GermanyCase,4.0800171,87.713753,34.131889
Netherlands,1979,9504,GermanyCase,4.210454,96.286804,34.084469
Netherlands,1980,10458,GermanyCase,6.7333202,102.65746,34.517979
Netherlands,1981,11304,GermanyCase,6.748466,109.61195,34.746471
Netherlands,1982,11784,GermanyCase,5.8620691,107.3393,34.068932
Netherlands,1983,12419,GermanyCase,2.823019,106.94978,33.90657
Netherlands,1984,13234,GermanyCase,3.273495,114.40473,34.551781
Netherlands,1985,13938,GermanyCase,2.2239261,116.79983,34.86816
Netherlands,1986,14613,GermanyCase,0.100025,97.608826,32.419331
Netherlands,1987,15197,GermanyCase,-0.70780247,96.81971,30.761841
Netherlands,1988,16082,GermanyCase,0.7463938,101.08154,30.96866
Netherlands,1989,17387,GermanyCase,1.0821609,106.49139,30.665979
Netherlands,1990,18665,GermanyCase,3.2854691,103.68212,30.71949
Netherlands,1991,19626,GermanyCase,3.133333,103.30096,30.41988
Netherlands,1992,20224,GermanyCase,3.1835811,99.637871,29.345671
Netherlands,1993,20679,GermanyCase,2.584182,94.706429,28.654131
Netherlands,1994,21588,GermanyCase,2.801527,95.985481,28.54458
Netherlands,1995,22585,GermanyCase,2.0952821,99.495033,28.746229
Netherlands,1996,23531,GermanyCase,2.0166669,101.01143,28.43318
Netherlands,1997,24692,GermanyCase,2.1565101,104.89993,27.830151
Netherlands,1998,25811,GermanyCase,1.983048,104.89993,27.106001
Netherlands,1999,26654,GermanyCase,2.211071,104.89993,26.31304
Netherlands,2000,28467,GermanyCase,2.5237801,104.89993,26.798981
Netherlands,2001,30359,GermanyCase,4.5342312,104.89993,26.62816
Netherlands,2002,31284,GermanyCase,3.467068,104.89993,25.827681
Netherlands,2003,31792,GermanyCase,2.11464,104.89993,25.827681
Norway,1960,1713,GermanyCase,2.451108,73.680962,31.944679
Norway,1961,1823,GermanyCase,2.451108,72.139977,31.944679
Norway,1962,1905,GermanyCase,5.2685161,69.344788,31.944679
Norway,1963,1991,GermanyCase,2.5870409,70.439796,31.944679
Norway,1964,2112,GermanyCase,5.679944,71.781082,31.944679
Norway,1965,2268,GermanyCase,4.2595901,71.817253,31.944679
Norway,1966,2417,GermanyCase,3.2513371,72.533798,31.944679
Norway,1967,2620,GermanyCase,4.4333949,74.773056,31.944679
Norway,1968,2784,GermanyCase,3.471534,73.59362,31.944679
Norway,1969,3035,GermanyCase,3.0674851,72.030357,31.944679
Norway,1970,3213,GermanyCase,10.56548,74.139931,31.944679
Norway,1971,3523,GermanyCase,6.2584119,73.002907,31.944679
Norway,1972,3814,GermanyCase,7.219759,70.428383,32.230431
Norway,1973,4138,GermanyCase,7.44241,76.504845,32.272209
Norway,1974,4728,GermanyCase,9.4145136,83.27903,33.086529
Norway,1975,5458,GermanyCase,11.70707,78.767204,34.624119
Norway,1976,6116,GermanyCase,9.1757565,79.932335,34.209702
Norway,1977,6742,GermanyCase,9.0431557,78.699829,34.076401
Norway,1978,7412,GermanyCase,8.1515064,72.255005,35.433521
Norway,1979,8354,GermanyCase,4.7598252,77.273743,38.279739
Norway,1980,9557,GermanyCase,10.89621,80.330162,40.388729
Norway,1981,10548,GermanyCase,13.63705,79.648895,40.68092
Norway,1982,11205,GermanyCase,11.37206,78.188873,40.848209
Norway,1983,12022,GermanyCase,8.4110479,76.31546,42.04797
Norway,1984,13220,GermanyCase,6.279108,77.480171,43.46854
Norway,1985,14354,GermanyCase,5.6658239,78.744705,42.852852
Norway,1986,15184,GermanyCase,7.1867681,72.853569,36.27047
Norway,1987,15823,GermanyCase,8.7259321,67.695114,35.806919
Norway,1988,16299,GermanyCase,6.6984839,67.400887,34.0042
Norway,1989,17043,GermanyCase,4.5554419,73.293633,35.525398
Norway,1990,18004,GermanyCase,4.1130328,74.734642,35.660439
Norway,1991,19212,GermanyCase,3.4206829,72.622849,34.552021
Norway,1992,20185,GermanyCase,2.3421161,69.547249,34.170551
Norway,1993,21088,GermanyCase,2.2714889,70.125801,33.764042
Norway,1994,22534,GermanyCase,1.398555,70.586227,34.258579
Norway,1995,23874,GermanyCase,2.4564049,70.103203,35.352779
Norway,1996,26263,GermanyCase,1.2586941,72.619583,37.7201
Norway,1997,27776,GermanyCase,2.5807409,75.462173,38.262901
Norway,1998,27294,GermanyCase,2.255686,74.282089,33.82029
Norway,1999,30011,GermanyCase,2.3331389,74.282089,35.71146
Norway,2000,36273,GermanyCase,3.0860679,74.282089,42.95295
Norway,2001,37078,GermanyCase,3.0173781,74.282089,40.874199
Norway,2002,36617,GermanyCase,1.288146,74.282089,37.908371
Norway,2003,37245,GermanyCase,2.4753971,74.282089,37.516239
Switzerland,1960,3387,GermanyCase,1.845371,53.253502,36.266361
Switzerland,1961,3625,GermanyCase,1.845371,54.593182,36.266361
Switzerland,1962,3788,GermanyCase,4.3156161,54.494743,36.266361
Switzerland,1963,3946,GermanyCase,3.439719,53.69223,36.266361
Switzerland,1964,4158,GermanyCase,3.0813141,53.660713,36.266361
Switzerland,1965,4360,GermanyCase,3.4145169,55.158588,36.266361
Switzerland,1966,4575,GermanyCase,4.7761312,55.518734,36.266361
Switzerland,1967,4790,GermanyCase,4.0214782,54.613895,36.266361
Switzerland,1968,5138,GermanyCase,2.4123509,56.837097,36.266361
Switzerland,1969,5645,GermanyCase,2.489007,60.69416,36.266361
Switzerland,1970,6382,GermanyCase,3.6160271,63.589043,36.266361
Switzerland,1971,6938,GermanyCase,6.5730128,60.333889,35.986961
Switzerland,1972,7406,GermanyCase,6.660192,58.819286,35.707561
Switzerland,1973,7998,GermanyCase,8.7550411,59.547981,35.428162
Switzerland,1974,8800,GermanyCase,9.7667475,63.378422,35.148766
Switzerland,1975,8934,GermanyCase,6.6964531,56.723125,34.776234
Switzerland,1976,9368,GermanyCase,1.715862,60.432114,34.496834
Switzerland,1977,10240,GermanyCase,1.28527,66.902809,34.217438
Switzerland,1978,11003,GermanyCase,1.055814,64.06974,33.938038
Switzerland,1979,12189,GermanyCase,3.6476431,67.314102,33.658638
Switzerland,1980,13853,GermanyCase,4.0220261,72.832115,32.869999
Switzerland,1981,15338,GermanyCase,6.4902191,72.369865,32.689999
Switzerland,1982,15963,GermanyCase,5.6552119,67.87426,32.200001
Switzerland,1983,16611,GermanyCase,2.9676869,68.349434,31.9
Switzerland,1984,17710,GermanyCase,2.9112079,72.168221,31.92
Switzerland,1985,18812,GermanyCase,3.429986,74.652412,32.009998
Switzerland,1986,19458,GermanyCase,0.74074072,70.621994,31.889999
Switzerland,1987,20120,GermanyCase,1.447964,69.582191,31.459999
Switzerland,1988,21334,GermanyCase,1.884478,71.420036,31.610001
Switzerland,1989,22965,GermanyCase,3.1629641,75.544891,31.690001
Switzerland,1990,24518,GermanyCase,5.3787398,72.00161,31.34
Switzerland,1991,24840,GermanyCase,5.8793921,68.58638,30.790001
Switzerland,1992,25141,GermanyCase,4.0410762,67.868607,29.99
Switzerland,1993,25427,GermanyCase,3.2717969,66.710213,29.58
Switzerland,1994,26031,GermanyCase,0.85840708,66.585632,30.41
Switzerland,1995,26485,GermanyCase,1.798719,66.157257,29.83
Switzerland,1996,26394,GermanyCase,0.81882441,67.940277,28.809999
Switzerland,1997,27850,GermanyCase,0.52150118,75.340652,28.190001
Switzerland,1998,28835,GermanyCase,0.0170097,75.340652,27.43
Switzerland,1999,28887,GermanyCase,0.82482988,75.340652,27.43
Switzerland,2000,30461,GermanyCase,1.5433919,75.340652,26.76
Switzerland,2001,30806,GermanyCase,0.98837209,75.340652,27.35
Switzerland,2002,32751,GermanyCase,0.64150012,75.340652,26.780001
Switzerland,2003,33516,GermanyCase,0.6292392,75.340652,26.450001
Japan,1960,1010,GermanyCase,5.404726,20.954344,45.170719
Japan,1961,1143,GermanyCase,5.404726,20.123087,45.170719
Japan,1962,1262,GermanyCase,6.7731929,18.671103,45.170719
Japan,1963,1374,GermanyCase,7.6613798,18.86199,45.170719
Japan,1964,1546,GermanyCase,3.8381741,19.13273,45.170719
Japan,1965,1647,GermanyCase,6.5934072,19.600803,45.170719
Japan,1966,1889,GermanyCase,5.0796628,19.557243,45.170719
Japan,1967,2133,GermanyCase,3.977881,19.05209,45.170719
Japan,1968,2496,GermanyCase,5.3697028,19.074675,45.170719
Japan,1969,2917,GermanyCase,5.2425919,19.484798,45.170719
Japan,1970,3293,GermanyCase,7.6732669,20.330492,45.170719
Japan,1971,3575,GermanyCase,6.4169722,20.702047,45.170719
Japan,1972,3988,GermanyCase,4.8240218,18.85861,44.578239
Japan,1973,4491,GermanyCase,11.64593,20.046917,45.357731
Japan,1974,4778,GermanyCase,23.15457,27.945053,43.6329
Japan,1975,5300,GermanyCase,11.78279,25.552427,41.405479
Japan,1976,5768,GermanyCase,9.3492212,26.312096,41.4841
Japan,1977,6344,GermanyCase,8.1587038,24.552519,40.436939
Japan,1978,7084,GermanyCase,4.2107978,20.499784,40.692162
Japan,1979,8027,GermanyCase,3.730788,24.038239,40.600471
Japan,1980,8931,GermanyCase,7.778707,28.280386,41.000149
Japan,1981,9986,GermanyCase,4.9113078,28.649031,40.91642
Japan,1982,10813,GermanyCase,2.7369759,28.356134,40.320621
Japan,1983,11346,GermanyCase,1.882329,26.096989,39.47266
Japan,1984,12064,GermanyCase,2.27158,27.261158,39.834511
Japan,1985,12978,GermanyCase,2.0236919,25.541183,39.59441
Japan,1986,13590,GermanyCase,0.61925489,18.744871,39.012459
Japan,1987,14425,GermanyCase,0.125012,17.556202,38.94236
Japan,1988,15862,GermanyCase,0.67230117,17.794943,39.111771
Japan,1989,17269,GermanyCase,2.2800989,19.78006,39.04401
Japan,1990,18815,GermanyCase,3.0594161,20.64731,39.36253
Japan,1991,20055,GermanyCase,3.2401121,18.730829,39.023548
Japan,1992,20648,GermanyCase,1.72701,17.882681,37.858841
Japan,1993,21122,GermanyCase,1.28404,16.311211,36.380058
Japan,1994,21757,GermanyCase,0.70620269,16.44124,34.927731
Japan,1995,22551,GermanyCase,-0.12673201,17.31402,34.21719
Japan,1996,23714,GermanyCase,0.1353523,19.33235,33.91785
Japan,1997,24478,GermanyCase,1.731858,20.999901,33.713951
Japan,1998,24429,GermanyCase,0.65603721,21.144987,32.704552
Japan,1999,24709,GermanyCase,-0.33825591,21.144987,32.42955
Japan,2000,26015,GermanyCase,-0.67052978,21.144987,32.231159
Japan,2001,26619,GermanyCase,-0.73339438,21.144987,30.96192
Japan,2002,27196,GermanyCase,-0.91512048,21.144987,30.39852
Japan,2003,28071,GermanyCase,-0.2541942,21.144987,30.39852
Greece,1960,707,GermanyCase,1.934236,21.312531,36.11808
Greece,1961,1028,GermanyCase,1.934236,21.172319,36.11808
Greece,1962,1049,GermanyCase,-0.37950659,21.926023,36.11808
Greece,1963,1188,GermanyCase,2.8571429,23.088087,36.11808
Greece,1964,1316,GermanyCase,0.92592591,23.294668,36.11808
Greece,1965,1492,GermanyCase,3.119266,24.24564,36.11808
Greece,1966,1634,GermanyCase,4.9822059,24.71656,36.11808
Greece,1967,1754,GermanyCase,1.6949151,23.642069,36.11808
Greece,1968,1967,GermanyCase,0.33333331,23.103203,36.11808
Greece,1969,2298,GermanyCase,2.491694,23.465282,36.11808
Greece,1970,2631,GermanyCase,2.9173419,23.462626,36.11808
Greece,1971,2988,GermanyCase,2.992126,23.728756,36.11808
Greece,1972,3383,GermanyCase,4.2813449,26.185028,36.32357
Greece,1973,3844,GermanyCase,15.54252,32.533947,36.534939
Greece,1974,3907,GermanyCase,26.903549,34.340809,34.111149
Greece,1975,4505,GermanyCase,13.36667,35.980827,33.06773
Greece,1976,5024,GermanyCase,13.31226,35.668255,33.04417
Greece,1977,5417,GermanyCase,12.16996,34.588295,33.730728
Greece,1978,6138,GermanyCase,12.53253,34.652,32.863369
Greece,1979,6781,GermanyCase,19.04615,35.082428,34.108978
Greece,1980,7374,GermanyCase,24.874809,38.590443,32.9426
Greece,1981,7870,GermanyCase,24.45896,39.115353,32.571678
Greece,1982,8204,GermanyCase,20.91898,38.697323,30.660641
Greece,1983,8388,GermanyCase,20.241671,40.974976,31.3106
Greece,1984,8834,GermanyCase,18.448959,42.330807,30.461729
Greece,1985,9297,GermanyCase,19.302561,44.363792,30.45694
Greece,1986,9525,GermanyCase,23.02109,43.68021,31.09042
Greece,1987,9548,GermanyCase,16.384951,46.111313,29.960991
Greece,1988,10277,GermanyCase,13.52675,44.246845,29.374809
Greece,1989,11036,GermanyCase,13.7,45.670357,28.5359
Greece,1990,11405,GermanyCase,20.40457,44.881191,28.196739
Greece,1991,11971,GermanyCase,19.472851,43.14999,26.528021
Greece,1992,12198,GermanyCase,15.8659,43.44936,25.66123
Greece,1993,12166,GermanyCase,14.41449,41.309959,25.50778
Greece,1994,12566,GermanyCase,10.92279,40.28257,24.36351
Greece,1995,12991,GermanyCase,8.9370565,40.818081,23.086691
Greece,1996,13418,GermanyCase,8.1962194,40.40134,23.02569
Greece,1997,14127,GermanyCase,5.5389729,39.684841,21.59255
Greece,1998,14665,GermanyCase,4.7662258,39.684841,22.343321
Greece,1999,15213,GermanyCase,2.6367829,39.684841,22.295839
Greece,2000,16272,GermanyCase,3.150125,39.684841,22.828011
Greece,2001,17332,GermanyCase,3.3749959,39.684841,23.48645
Greece,2002,19119,GermanyCase,3.6292281,39.684841,23.21043
Greece,2003,20479,GermanyCase,3.5305569,39.684841,23.830009
Portugal,1960,728,GermanyCase,1.5490021,37.353939,35.13776
Portugal,1961,783,GermanyCase,1.5490021,39.982895,35.13776
Portugal,1962,848,GermanyCase,2.662071,38.321789,35.13776
Portugal,1963,905,GermanyCase,2.0215731,39.377365,35.13776
Portugal,1964,979,GermanyCase,3.4000001,50.419785,35.13776
Portugal,1965,1084,GermanyCase,3.4816251,52.902737,35.13776
Portugal,1966,1170,GermanyCase,5.0467291,52.805916,35.13776
Portugal,1967,1293,GermanyCase,5.5160141,51.549599,35.13776
Portugal,1968,1475,GermanyCase,6.070827,49.794838,35.13776
Portugal,1969,1592,GermanyCase,7.4025121,48.176414,35.13776
Portugal,1970,1916,GermanyCase,4.5333328,50.211582,35.13776
Portugal,1971,2153,GermanyCase,7.4960752,51.907047,35.13776
Portugal,1972,2420,GermanyCase,8.94487,53.733257,35.945591
Portugal,1973,2845,GermanyCase,10.35523,54.887608,35.963459
Portugal,1974,3048,GermanyCase,27.96842,62.633427,37.544479
Portugal,1975,3045,GermanyCase,20.408159,48.222168,35.211498
Portugal,1976,3407,GermanyCase,18.249901,43.775337,34.72538
Portugal,1977,3784,GermanyCase,27.191669,47.037315,34.724171
Portugal,1978,4120,GermanyCase,22.64299,47.753605,33.15321
Portugal,1979,4663,GermanyCase,23.53758,58.929958,31.947809
Portugal,1980,5263,GermanyCase,16.691891,62.97908,32.877769
Portugal,1981,5812,GermanyCase,20.04076,64.510567,33.93985
Portugal,1982,6263,GermanyCase,22.730221,64.730942,33.645222
Portugal,1983,6479,GermanyCase,25.10564,68.447182,34.496078
Portugal,1984,6570,GermanyCase,28.783331,74.853844,32.841808
Portugal,1985,6959,GermanyCase,19.645399,71.509995,32.822578
Portugal,1986,7414,GermanyCase,11.76311,62.800735,30.644541
Portugal,1987,8126,GermanyCase,9.3431482,69.239014,30.372629
Portugal,1988,9057,GermanyCase,9.6970482,73.429176,32.47451
Portugal,1989,10042,GermanyCase,12.61655,75.041565,32.344391
Portugal,1990,10894,GermanyCase,13.37246,75.17775,31.71348
Portugal,1991,11783,GermanyCase,10.92623,69.90818,30.284439
Portugal,1992,12219,GermanyCase,8.9416666,65.14225,30.2792
Portugal,1993,12236,GermanyCase,6.5019512,62.448689,29.60257
Portugal,1994,12614,GermanyCase,5.2143941,65.605721,30.643669
Portugal,1995,13413,GermanyCase,4.123148,68.574448,31.498079
Portugal,1996,13974,GermanyCase,3.120697,69.221817,31.741541
Portugal,1997,14804,GermanyCase,2.161612,71.549889,31.63949
Portugal,1998,15401,GermanyCase,2.71644,71.549889,31.13629
Portugal,1999,16363,GermanyCase,2.3038859,71.549889,30.41585
Portugal,2000,17353,GermanyCase,2.8467209,71.549889,29.99342
Portugal,2001,18071,GermanyCase,4.3947568,71.549889,29.39245
Portugal,2002,18799,GermanyCase,3.5450521,71.549889,28.688181
Portugal,2003,17603,GermanyCase,3.2833331,71.549889,28.688181
Spain,1960,1074,GermanyCase,2.005919,16.249819,40.667221
Spain,1961,1201,GermanyCase,2.005919,17.638802,40.667221
Spain,1962,1335,GermanyCase,5.6347589,19.606129,40.667221
Spain,1963,1467,GermanyCase,8.8046274,19.67972,40.667221
Spain,1964,1554,GermanyCase,6.9501872,21.492392,40.667221
Spain,1965,1678,GermanyCase,13.23638,22.708794,40.667221
Spain,1966,1841,GermanyCase,6.1941152,23.890324,40.667221
Spain,1967,1954,GermanyCase,6.4145751,21.74692,40.667221
Spain,1968,2160,GermanyCase,4.963315,24.657402,40.667221
Spain,1969,2447,GermanyCase,2.1244521,26.033092,40.667221
Spain,1970,2715,GermanyCase,5.757617,27.450756,40.667221
Spain,1971,2951,GermanyCase,8.2360411,27.574125,40.667221
Spain,1972,3293,GermanyCase,8.2893658,28.926592,41.693291
Spain,1973,3710,GermanyCase,11.39021,29.886894,42.23267
Spain,1974,4227,GermanyCase,15.71734,33.602974,43.172298
Spain,1975,4600,GermanyCase,16.925659,30.851402,42.083221
Spain,1976,4965,GermanyCase,17.629311,31.890625,41.384251
Spain,1977,5364,GermanyCase,24.52669,30.979395,40.521809
Spain,1978,5761,GermanyCase,19.78421,29.520868,39.432571
Spain,1979,6188,GermanyCase,15.66901,29.62632,38.965611
Spain,1980,6856,GermanyCase,15.54989,33.522945,38.567551
Spain,1981,7447,GermanyCase,14.55704,37.425205,37.673019
Spain,1982,7957,GermanyCase,14.40796,38.388615,37.06181
Spain,1983,8378,GermanyCase,12.17745,41.893536,36.794498
Spain,1984,8812,GermanyCase,11.27433,43.44701,35.920799
Spain,1985,9259,GermanyCase,8.8175268,43.49968,36.209068
Spain,1986,9744,GermanyCase,8.7965031,37.577763,36.654301
Spain,1987,10542,GermanyCase,5.2462592,38.542778,36.09407
Spain,1988,11434,GermanyCase,4.8404789,38.839157,35.9314
Spain,1989,12417,GermanyCase,6.7914681,39.452454,36.218159
Spain,1990,13365,GermanyCase,6.7179399,37.502689,35.47665
Spain,1991,14152,GermanyCase,5.9353271,37.407082,34.688511
Spain,1992,14564,GermanyCase,5.925724,38.03965,32.8619
Spain,1993,14699,GermanyCase,4.5686359,39.409481,31.168209
Spain,1994,15325,GermanyCase,4.7184682,44.396439,30.55055
Spain,1995,16032,GermanyCase,4.6747532,47.852901,30.98291
Spain,1996,16720,GermanyCase,3.558506,50.073299,30.45867
Spain,1997,17420,GermanyCase,1.970708,55.558651,30.441401
Spain,1998,18479,GermanyCase,1.833537,57.125301,30.196671
Spain,1999,19817,GermanyCase,2.310672,57.125301,29.989201
Spain,2000,21074,GermanyCase,3.4326141,57.125301,30.193701
Spain,2001,22257,GermanyCase,3.5911009,57.125301,29.928841
Spain,2002,23756,GermanyCase,3.066777,57.125301,29.684759
Spain,2003,24812,GermanyCase,3.033474,57.125301,29.586519
Australia,1960,2373,GermanyCase,2.5121319,31.266439,37.293591
Australia,1961,2346,GermanyCase,2.5121319,29.821074,37.293591
Australia,1962,2539,GermanyCase,-0.278474,30.158545,37.293591
Australia,1963,2717,GermanyCase,0.53057808,32.055397,37.293591
Australia,1964,2873,GermanyCase,2.3611109,31.527285,37.293591
Australia,1965,2973,GermanyCase,3.962008,31.035599,37.293591
Australia,1966,3230,GermanyCase,2.975724,29.973152,37.293591
Australia,1967,3404,GermanyCase,3.1939161,30.114193,37.293591
Australia,1968,3788,GermanyCase,2.6529109,28.348595,37.293591
Australia,1969,4162,GermanyCase,2.919359,29.821142,37.293591
Australia,1970,4490,GermanyCase,3.9060681,28.962433,37.293591
Australia,1971,4677,GermanyCase,6.0639958,27.807472,37.293591
Australia,1972,5013,GermanyCase,5.8649788,27.70299,36.80088
Australia,1973,5595,GermanyCase,9.4659224,29.440403,35.435848
Australia,1974,6024,GermanyCase,15.11014,31.638611,36.886761
Australia,1975,6683,GermanyCase,15.07196,28.900406,37.104549
Australia,1976,7140,GermanyCase,13.52391,31.207617,36.665291
Australia,1977,7482,GermanyCase,12.30024,30.863096,35.999359
Australia,1978,8272,GermanyCase,7.9236741,32.151321,35.652821
Australia,1979,9174,GermanyCase,9.0900011,34.958309,35.81057
Australia,1980,10203,GermanyCase,10.12658,33.861252,37.026699
Australia,1981,11513,GermanyCase,9.6917448,33.173725,35.924339
Australia,1982,11537,GermanyCase,11.14551,31.657738,34.743671
Australia,1983,12300,GermanyCase,10.11356,30.678139,34.825699
Australia,1984,13120,GermanyCase,3.9501851,34.640999,35.29966
Australia,1985,14019,GermanyCase,6.739049,35.246246,35.07288
Australia,1986,14537,GermanyCase,9.0845318,34.7444,32.777859
Australia,1987,15554,GermanyCase,8.4887457,34.723438,31.35881
Australia,1988,16524,GermanyCase,7.2317719,34.083694,29.875179
Australia,1989,17255,GermanyCase,7.5594249,34.358536,29.960911
Australia,1990,17322,GermanyCase,7.2722602,34.461769,28.966801
Australia,1991,17652,GermanyCase,3.2226801,35.23764,28.167999
Australia,1992,18496,GermanyCase,0.98591548,37.69257,27.971661
Australia,1993,19432,GermanyCase,1.81311,38.351791,28.00918
Australia,1994,20583,GermanyCase,1.894977,39.71843,28.139919
Australia,1995,21773,GermanyCase,4.6381359,40.153259,27.82765
Australia,1996,22562,GermanyCase,2.6124201,39.977379,27.10232
Australia,1997,23649,GermanyCase,0.25041741,42.1768,27.076691
Australia,1998,24853,GermanyCase,0.85345542,41.36496,26.283131
Australia,1999,26283,GermanyCase,1.465428,41.36496,26.190729
Australia,2000,27403,GermanyCase,4.475183,41.36496,25.566681
Australia,2001,28492,GermanyCase,4.3808408,41.36496,25.4391
Australia,2002,29819,GermanyCase,3.003171,41.36496,25.94952
Australia,2003,31273,GermanyCase,2.770735,41.36496,25.94952
New Zealand,1960,2545,GermanyCase,1.830283,52.548824,34.0294
New Zealand,1961,2659,GermanyCase,1.830283,52.944569,34.0294
New Zealand,1962,2713,GermanyCase,2.696079,48.803684,34.0294
New Zealand,1963,2866,GermanyCase,1.909308,53.844959,34.0294
New Zealand,1964,3001,GermanyCase,3.4348171,50.796028,34.0294
New Zealand,1965,3224,GermanyCase,3.3962259,44.781643,34.0294
New Zealand,1966,3481,GermanyCase,2.7737229,45.967167,34.0294
New Zealand,1967,3360,GermanyCase,6.107955,39.779766,34.0294
New Zealand,1968,3489,GermanyCase,4.283802,44.663773,34.0294
New Zealand,1969,3969,GermanyCase,4.8780489,46.908524,34.0294
New Zealand,1970,4136,GermanyCase,6.548347,48.324024,34.0294
New Zealand,1971,4438,GermanyCase,10.30303,45.481525,34.0294
New Zealand,1972,4780,GermanyCase,6.776557,47.43124,33.208939
New Zealand,1973,5335,GermanyCase,8.2332764,49.573406,32.451801
New Zealand,1974,6041,GermanyCase,11.25198,55.458515,35.516602
New Zealand,1975,6382,GermanyCase,14.52991,54.889248,34.529041
New Zealand,1976,6748,GermanyCase,16.79104,57.889282,34.712021
New Zealand,1977,6867,GermanyCase,14.58999,56.796474,32.954659
New Zealand,1978,7301,GermanyCase,11.89591,55.041866,32.50108
New Zealand,1979,7915,GermanyCase,13.70432,61.897545,32.65749
New Zealand,1980,8656,GermanyCase,17.09277,62.086811,32.18576
New Zealand,1981,9736,GermanyCase,15.34623,62.446667,34.01445
New Zealand,1982,10687,GermanyCase,16.1709,62.351555,34.555931
New Zealand,1983,11262,GermanyCase,7.35568,61.913372,33.403709
New Zealand,1984,12141,GermanyCase,6.2012138,70.573883,34.58643
New Zealand,1985,12556,GermanyCase,15.39404,64.612869,33.268139
New Zealand,1986,13085,GermanyCase,13.21782,55.481041,31.91995
New Zealand,1987,13402,GermanyCase,15.74115,52.397793,30.22941
New Zealand,1988,13569,GermanyCase,6.3751421,50.625256,28.587429
New Zealand,1989,14124,GermanyCase,7.490603,53.819305,29.19099
New Zealand,1990,14420,GermanyCase,5.506608,54.535011,27.921921
New Zealand,1991,14252,GermanyCase,1.670146,56.428131,27.339199
New Zealand,1992,14679,GermanyCase,1.0266941,61.140541,27.11838
New Zealand,1993,15605,GermanyCase,1.4227639,59.26334,27.06921
New Zealand,1994,16686,GermanyCase,2.40481,60.43647,27.76848
New Zealand,1995,17402,GermanyCase,3.7398369,58.596111,26.99032
New Zealand,1996,17879,GermanyCase,2.298851,57.031071,26.742161
New Zealand,1997,18510,GermanyCase,1.174668,57.132099,26.50679
New Zealand,1998,18669,GermanyCase,1.2872289,57.132099,25.276569
New Zealand,1999,19937,GermanyCase,-0.1245951,57.132099,25.51298
New Zealand,2000,20789,GermanyCase,2.619761,57.132099,25.291679
New Zealand,2001,21825,GermanyCase,2.6258211,57.132099,25.291679
New Zealand,2002,22662,GermanyCase,2.6770909,57.132099,25.291679
New Zealand,2003,23728,GermanyCase,1.753576,57.132099,25.291679
