year,lowbrth,infmort,afdcprt,popul,pcinc,physic,afdcprc,d90,lpcinc,cafdcprc,clpcinc,lphysic,clphysic,clowbrth,cinfmort,afdcpay,afdcinc,lafdcpay,clafdcpy,cafdcinc,stateabb,state,beds,bedspc,lbedspc,clbedspc,povrate,cpovrate,afdcpsq,cafdcpsq,physicpc,lphypc,clphypc,lpopul,clpopul
1987,8,12.2,132,4084,12039,151,3.2321253,0,9.3959064,,,5.0172796,,,,114,.94692248,4.7361984,,,AL,alabama,24.200001,.0059255632,-5.1284795,,21.299999,,10.446634,,.036973555,-3.2975523,,8.3148317,
1990,8.3999996,10.8,132,4041,14899,158,3.2665181,1,9.6090498,.034392834,.21314335,5.0625949,.045315266,.39999962,-1.3999996,115,.77186388,4.7449322,.0087337494,-.1750586,AL,alabama,23.5,.0058153924,-5.1472468,-.018767357,19.200001,-2.0999985,10.67014,.22350597,.039099231,-3.2416525,.055899858,8.3042479,-.010583878
1987,4.8000002,10.4,19,524,18461,138,3.6259542,0,9.8234158,,,4.9272537,,,,567,3.0713396,6.3403592,,,AK,alaska,2,.0038167939,-5.5683446,,12,,13.147544,,.26335877,-1.3342381,,6.2614918,
1990,4.8000002,10.5,24,550,20867,146,4.3636365,1,9.9459238,.73768234,.12250805,4.9836068,.056353092,0,.10000038,651,3.1197584,6.4785094,.13815022,.04841876,AK,alaska,2,.0036363637,-5.6167712,-.048426628,11.4,-.60000038,19.041323,5.8937788,.26545453,-1.3263117,.0079263449,6.3099184,.048426628
1987,6.4000001,9.5,91,3400,14322,191,2.6764705,0,9.5695524,,,5.2522736,,,,268,1.8712471,5.5909872,,,AZ,arizona,13.4,.0039411765,-5.5362759,,12.8,,7.1634946,,.056176469,-2.8792572,,8.1315308,
1990,6.4000001,8.8000002,144,3665,16169,197,3.9290586,1,9.6908512,1.252588,.12129879,5.2832036,.030930042,0,-.69999981,268,1.6574928,5.5909872,0,-.2137543,AZ,arizona,13.3,.0036289224,-5.6188197,-.08254385,13.7,.89999962,15.437501,8.2740059,.053751707,-2.9233799,-.044122696,8.206584,.075053215
1987,7.6999998,10.3,67,2388,11421,144,2.8056951,0,9.3432093,,,4.9698133,,,,185,1.6198231,5.220356,,,AR,arkansas,13,.0054438859,-5.2132621,,21.799999,,7.8719249,,.060301509,-2.8083982,,7.7782116,
1990,8.1999998,9.1999998,73,2351,14037,150,3.1050618,1,9.5494518,.29936671,.20624256,5.0106354,.040822029,.5,-1.1000004,190,1.3535656,5.2470241,.026668072,-.26625752,AR,arkansas,12.9,.0054870266,-5.205369,.0078930855,19.6,-2.1999989,9.6414089,1.769484,.063802637,-2.7519608,.056437492,7.7625961,-.015615463
1987,6,9,1708,27653,17770,242,6.1765451,0,9.7852669,,,5.4889379,,,,557,3.1344965,6.3225651,,,CA,california,107.6,.0038910788,-5.5490689,,12.3,,38.149712,,.0087513113,-4.7385516,,10.227489,
1990,5.8000002,7.9000001,2023,29760,20547,244,6.7977152,1,9.9304705,.62117004,.14520359,5.4971681,.0082302094,-.19999981,-1.0999999,637,3.1002092,6.4567695,.13420439,-.034287214,CA,california,105.7,.0035517472,-5.6403155,-.091246605,13.9,1.5999994,46.208931,8.0592194,.0081989244,-4.8037524,-.065200806,10.30092,.073431015
1987,7.9000001,9.8000002,94,3293,15680,202,2.8545399,0,9.660141,,,5.3082676,,,,312,1.9897959,5.7430034,,,CO,colorado,14.1,.00428181,-5.4533796,,12.5,,8.1483974,,.061342239,-2.7912867,,8.0995541,
1990,8,8.8000002,109,3294,18795,211,3.3090467,1,9.8413458,.45450687,.1812048,5.3518581,.043590546,.099999905,-1,320,1.7025805,5.768321,.025317669,-.28721547,CO,colorado,13.7,.0041590771,-5.4824619,-.029082298,13.7,1.1999998,10.94979,2.8013926,.06405586,-2.7479997,.043287039,8.0998583,.00030422211
1987,6.6999998,8.8000002,107,3212,21258,293,3.3312578,0,9.964489,,,5.6801724,,,,478,2.2485652,6.1696105,,,CT,connect,15.3,.0047633871,-5.3467965,,6.5999999,,11.097279,,.091220424,-2.3944764,,8.0746489,
1990,6.5999999,7.9000001,135,3287,25528,305,4.1070886,1,10.147532,.77583075,.18304253,5.7203116,.040139198,-.099999905,-.9000001,571,2.2367597,6.3473892,.17777872,-.011805534,CT,connect,14.3,.0043504718,-5.4374709,-.0906744,6,-.5999999,16.868177,5.7708988,.092789777,-2.3774188,.017057657,8.0977306,.023081779
1987,6.6999998,11.7,20,648,16305,191,3.0864198,0,9.6992273,,,5.2522736,,,,261,1.600736,5.5645204,,,DE,delaware,3.4000001,.0052469135,-5.2501154,,6.5999999,,9.5259876,,.29475307,-1.2216173,,6.4738908,
1990,7.5999999,10.1,22,666,20709,199,3.3033032,1,9.938324,.21688342,.23909664,5.2933049,.041031361,.9000001,-1.5999994,292,1.410015,5.676754,.11223364,-.19072104,DE,delaware,2.8,.0042042043,-5.4716702,-.22155476,6.9000001,.30000019,10.911813,1.3858252,.2987988,-1.2079848,.013632536,6.5012898,.027399063
1987,7.6999998,10.6,307,12022,15594,203,2.5536516,0,9.6546412,,,5.3132062,,,,236,1.5134026,5.4638319,,,FL,florida,60.900002,.0050657131,-5.2852602,,12.4,,6.5211363,,.016885709,-4.0812879,,9.3944941,
1990,7.4000001,9.6000004,420,12938,18606,208,3.2462513,1,9.8312397,.69259977,.17659855,5.3375382,.024332047,-.29999971,-1,263,1.4135225,5.572154,.10832214,-.099880099,FL,florida,62.799999,.0048539187,-5.3279691,-.042708874,14.4,2,10.538148,4.0170116,.016076673,-4.1303859,-.049098015,9.4679241,.073430061
1987,8.1999998,12.7,244,6227,14387,167,3.9184198,0,9.5740805,,,5.1179938,,,,237,1.6473205,5.46806,,,GA,georgia,35.099998,.0056367428,-5.1784487,,14.6,,15.354014,,.026818693,-3.6186562,,8.7366495,
1990,8.6999998,12.4,320,6478,17041,175,4.9397964,1,9.7433777,1.0213766,.16929722,5.1647859,.04679203,.5,-.30000019,265,1.555073,5.57973,.11167002,-.092247486,GA,georgia,34.900002,.0053874655,-5.22368,-.045231342,15.8,1.1999998,24.401588,9.047574,.027014511,-3.6113811,.0072751045,8.7761669,.039517403
1987,7,8.8999996,41,1082,15569,225,3.7892792,0,9.6530371,,,5.4161005,,,,410,2.6334383,6.0161572,,,HI,hawaii,3.8,.0035120146,-5.6515656,,8.8000002,,14.358637,,.20794824,-1.570466,,6.9865665,
1990,7.0999999,6.6999998,44,1108,20461,236,3.9711192,1,9.9262762,.18183994,.27323914,5.4638319,.0477314,.099999905,-2.1999998,581,2.8395483,6.3647509,.34859371,.20611,HI,hawaii,4.0999999,.0037003609,-5.5993247,.052240849,11,2.1999998,15.769788,1.4111509,.21299639,-1.5464801,.023985982,7.0103121,.023745537
1987,5.5999999,10.4,18,1000,11797,120,1.8,0,9.3756008,,,4.7874918,,,,259,2.1954734,5.556828,,,ID,idaho,4,.0040000002,-5.521461,,15.1,,3.2399998,,.12,-2.1202636,,6.9077554,
1990,5.6999998,8.6999998,17,1007,15137,125,1.6881827,1,9.624897,-.11181724,.24929619,4.8283138,.040822029,.099999905,-1.6999998,266,1.7572834,5.5834961,.026668072,-.43818998,ID,idaho,3.9000001,.0038728898,-5.5537543,-.03229332,14.9,-.20000076,2.8499608,-.39003897,.12413108,-2.0864172,.033846378,6.914731,.0069756508
1987,7.4000001,11.6,681,11584,16394,210,5.8787985,0,9.7046709,,,5.3471074,,,,308,1.8787361,5.7300997,,,IL,illinois,62.299999,.0053781075,-5.2254186,,14.4,,34.560272,,.018128453,-4.0102725,,9.3573799,
1990,7.5999999,10.7,656,11431,20327,212,5.7387805,1,9.9197054,-.14001799,.21503448,5.3565865,.0094790459,.19999981,-.90000057,342,1.6824913,5.8348107,.10471106,-.19624484,IL,illinois,57.700001,.0050476776,-5.2888269,-.063408375,13.7,-.69999981,32.933601,-1.6266708,.01854606,-3.987498,.022774458,9.3440838,-.013296127
1987,6.5,10.1,150,5530,13987,151,2.7124774,0,9.5458832,,,5.0172796,,,,241,1.7230285,5.484797,,,IN,indiana,28.5,.0051537072,-5.2680387,,11.1,,7.3575339,,.027305605,-3.6006632,,8.6179428,
1990,6.5999999,9.6000004,164,5544,16814,157,2.958153,1,9.7299671,.24567556,.18408394,5.0562458,.038966179,.099999905,-.5,263,1.5641727,5.572154,.087357044,-.1588558,IN,indiana,26.4,.0047619045,-5.3471074,-.079068661,13,1.8999996,8.7506695,1.3931355,.028318902,-3.5642257,.036437511,8.620472,.0025291443
1987,5.0999999,9.1000004,104,2823,14028,145,3.6840241,0,9.548811,,,4.9767337,,,,349,2.4878814,5.855072,,,IA,iowa,17.799999,.0063053486,-5.0663571,,14.5,,13.572034,,.051363796,-2.9688218,,7.9455552,
1990,5.4000001,8.1000004,96,2777,16848,151,3.4569681,1,9.731987,-.22705603,.18317604,5.0172796,.04054594,.30000019,-1,371,2.2020419,5.9162021,.061130047,-.28583956,IA,iowa,17.200001,.0061937347,-5.0842171,-.017859936,10.4,-4.1000004,11.950628,-1.6214056,.054375224,-2.9118466,.056975126,7.9291263,-.016428947
1987,6.4000001,9.5,67,2475,15089,169,2.7070706,0,9.6217213,,,5.1298985,,,,325,2.153887,5.7838254,,,KS,kansas,16.700001,.0067474749,-4.9985871,,9.1999998,,7.3282313,,.068282828,-2.6840971,,7.8139958,
1990,6.1999998,8.3999996,77,2478,17768,175,3.1073446,1,9.7851543,.40027404,.16343307,5.1647859,.034887314,-.20000029,-1.1000004,332,1.8685277,5.8051348,.021309376,-.28535938,KS,kansas,16.1,.0064971754,-5.0363879,-.037800789,10.3,1.1000004,9.655591,2.3273597,.070621468,-2.6504211,.033675909,7.815207,.0012111664
1987,6.8000002,9.6999998,155,3723,11996,161,4.1633091,0,9.3923283,,,5.0814042,,,,194,1.6172057,5.267858,,,KY,kentucky,19.4,.0052108513,-5.2570119,,17.299999,,17.333143,,.043244693,-3.1408808,,8.2222853,
1990,7.0999999,8.5,204,3685,14984,168,5.5359564,1,9.6147385,1.3726473,.2224102,5.1239638,.042559624,.29999971,-1.1999998,224,1.4949279,5.4116459,.14378786,-.12227786,KY,kentucky,19,.0051560379,-5.2675867,-.010574818,17.299999,0,30.646812,13.313669,.045590229,-3.0880618,.052819014,8.2120256,-.010259628
1987,8.6999998,11.8,271,4448,11506,184,6.0926261,0,9.3506241,,,5.2149358,,,,167,1.4514166,5.1179938,,,LA,louisiana,26.6,.005980216,-5.1192985,,25.1,,37.120094,,.041366905,-3.1852741,,8.4002094,
1990,9.1999998,11.1,279,4220,14300,188,6.6113744,1,9.5680151,.51874828,.21739101,5.2364421,.02150631,.5,-.69999981,167,1.1678321,5.1179938,0,-.28358448,LA,louisiana,23.9,.0056635072,-5.1737118,-.054413319,23.6,-1.5,43.71027,6.5901756,.044549763,-3.1111484,.074125767,8.3475904,-.05261898
1987,5.4000001,8.3000002,52,1186,13996,173,4.3844857,0,9.5465269,,,5.1532917,,,,360,2.5721636,5.8861041,,,ME,maine,6.0999999,.0051433388,-5.2700529,,11.7,,19.223715,,.14586847,-1.92505,,7.0783415,
1990,5.0999999,6.1999998,62,1228,17125,178,5.0488601,1,9.7482948,.66437435,.20176792,5.1817837,.028491974,-.30000019,-2.1000004,422,2.4642336,6.0450053,.15890121,-.10792994,ME,maine,5.5999999,.0045602606,-5.3903756,-.1203227,13.1,1.4000006,25.490988,6.2672729,.14495113,-1.9313586,-.0063085556,7.113142,.034800529
1987,7.8000002,11.5,176,4536,18217,325,3.8800704,0,9.8101101,,,5.7838254,,,,318,1.7456223,5.7620516,,,MD,maryland,21.299999,.0046957671,-5.361094,,9.1999998,,15.054947,,.07164903,-2.6359756,,8.4198008,
1990,7.8000002,9.5,198,4781,21915,334,4.1413932,1,9.9949265,.26132274,.18481636,5.811141,.027315617,0,-2,370,1.6883413,5.9135032,.15145159,-.057281017,MD,maryland,20.4,.0042668898,-5.4568701,-.095776081,9.8999996,.69999981,17.151138,2.0961914,.069859862,-2.6612639,-.025288343,8.4724054,.052604675
1987,5.6999998,7.1999998,234,5856,19131,322,3.9959016,0,9.8590651,,,5.7745514,,,,500,2.6135592,6.2146082,,,MA,mass,37.400002,.0063866121,-5.0535512,,8.1999998,,15.96723,,.054986339,-2.9006705,,8.6752224,
1990,5.9000001,7,282,6016,22558,337,4.6875,1,10.023845,.69159842,.16477966,5.8200831,.04553175,.20000029,-.19999981,556,2.4647574,6.3207684,.10616016,-.1488018,MA,mass,33.5,.0055684838,-5.1906323,-.13708115,10.7,2.5,21.972656,6.0054264,.056017287,-2.8820949,.018575668,8.702178,.026955605
1987,7.1999998,10.7,642,9205,15558,180,6.9744706,0,9.6523304,,,5.1929569,,,,473,3.0402365,6.1590953,,,MI,michigan,43.099998,.0046822377,-5.3639793,,12.2,,48.643242,,.019554591,-3.9345453,,9.1275024,
1990,7.5999999,10.7,684,9295,18297,185,7.3587952,1,9.8144922,.38432455,.16216183,5.220356,.027399063,.4000001,0,464,2.5359349,6.1398845,-.019210815,-.50430155,MI,michigan,40.700001,.0043786983,-5.4310036,-.067024231,14.3,2.1000004,54.151867,5.508625,.019903174,-3.9168761,.017669201,9.1372318,.0097293854
1987,5,8.6999998,161,4244,15789,212,3.793591,0,9.6670685,,,5.3565865,,,,509,3.2237635,6.2324481,,,MN,minnes,25.9,.0061027333,-5.0990186,,11.3,,14.391333,,.049952876,-2.9966753,,8.3532619,
1990,5.0999999,7.3000002,177,4375,18690,220,4.0457144,1,9.8357439,.25212336,.16867542,5.3936276,.037041187,.099999905,-1.3999996,512,2.7394328,6.2383246,.0058765411,-.48433065,MN,minnes,24.6,.0056228573,-5.1809154,-.081896782,12,.69999981,16.367805,1.9764729,.050285716,-2.9900343,.0066409111,8.3836622,.030400276
1987,9,13.7,176,2624,10301,125,6.7073169,0,9.239996,,,4.8283138,,,,117,1.135812,4.7621741,,,MS,mississ,17.4,.0066310973,-5.015985,,25,,44.988098,,.047637194,-3.0441415,,7.8724551,
1990,9.6000004,12.1,176,2573,12700,133,6.8402643,1,9.449357,.13294744,.20936108,4.8903489,.062035084,.60000038,-1.5999994,120,.94488192,4.7874918,.025317669,-.19093013,MS,mississ,17.200001,.0066848039,-5.0079184,.0080666542,25.700001,.70000076,46.789215,1.8011169,.051690634,-2.9624786,.081662893,7.852828,-.019627094
1987,7,10.2,200,5107,14630,190,3.9161935,0,9.5908298,,,5.2470241,,,,264,1.8045113,5.5759492,,,MO,missouri,30.799999,.0060309377,-5.1108527,,14,,15.336572,,.037203837,-3.2913435,,8.5383673,
1990,7.0999999,9.3999996,218,5117,17347,196,4.2603087,1,9.7611752,.34411526,.17034531,5.2781148,.031090736,.099999905,-.80000019,274,1.5795238,5.6131282,.037178993,-.22498751,MO,missouri,29.6,.0057846396,-5.1525493,-.041696548,13.4,-.60000038,18.15023,2.8136587,.038303692,-3.2622089,.029134512,8.5403233,.001955986
1987,5.5,10,29,909,12304,150,3.1903191,0,9.4176798,,,5.0106354,,,,356,2.893368,5.8749309,,,MT,montana,4.9000001,.0053905393,-5.2231097,,18,,10.178136,,.1650165,-1.8017098,,6.812345,
1990,6.1999998,9,29,799,14663,158,3.6295369,1,9.5930824,.43921781,.17540264,5.0625949,.051959515,.69999981,-1,344,2.346041,5.8406415,-.03428936,-.54732704,MT,montana,4.9000001,.006132666,-5.0941257,.12898397,16.299999,-1.7000008,13.173538,2.9954023,.19774719,-1.6207659,.18094385,6.6833611,-.12898397
1987,5.5,8.6000004,43,1594,14100,168,2.6976161,0,9.5539303,,,5.1239638,,,,316,2.2411346,5.7557421,,,NE,nebraska,11.1,.0069636139,-4.9670568,,11.9,,7.2771325,,.10539524,-2.2500379,,7.374002,
1990,5.3000002,8.3000002,44,1578,17276,172,2.7883396,1,9.7570734,.090723515,.20314312,5.1474943,.023530483,-.19999981,-.30000019,336,1.9448947,5.817111,.061368942,-.29623997,NE,nebraska,10.4,.0065906206,-5.0221076,-.05505085,10.3,-1.5999994,7.774838,.49770546,.10899873,-2.216419,.033618927,7.3639135,-.010088444
1987,6.9000001,9.6000004,17,1006,16359,158,1.6898608,0,9.7025337,,,5.0625949,,,,247,1.5098722,5.5093884,,,NV,nevada,4.0999999,.0040755467,-5.5027504,,10.4,,2.8556297,,.15705766,-1.8511423,,6.9137373,
1990,7.1999998,8.3999996,25,1202,19680,159,2.0798669,1,9.8873577,.39000607,.18482399,5.0689044,.0063095093,.29999971,-1.2000008,278,1.4126016,5.6276212,.11823273,-.097270608,NV,nevada,4.1999998,.0034941763,-5.6566577,-.1539073,9.8000002,-.59999943,4.3258462,1.4702165,.13227953,-2.0228379,-.17169559,7.091742,.17800474
1987,4.9000001,7.8000002,11,1056,18083,186,1.0416666,0,9.8027277,,,5.2257466,,,,366,2.0240004,5.9026332,,,NH,newhampshire,4.8000002,.0045454549,-5.3936276,,4.8000002,,1.0850694,,.17613636,-1.7364968,,6.9622436,
1990,4.9000001,7.0999999,21,1109,21051,200,1.8935978,1,9.9547033,.85193121,.15197563,5.2983174,.072570801,0,-.70000029,431,2.0474086,6.0661082,.16347504,.023408175,NH,newhampshire,4.9000001,.004418395,-5.421979,-.028351307,6.3000002,1.5,3.5857127,2.5006433,.18034264,-1.7128967,.023600101,7.0112138,.048970222
1987,7,9.3999996,320,7674,20277,234,4.1699243,0,9.9172421,,,5.4553213,,,,350,1.7260936,5.857933,,,NJ,newjers,39.400002,.0051342198,-5.2718272,,8.3000002,,17.388268,,.030492572,-3.490272,,8.9455929,
1990,7,9,323,7730,24977,246,4.1785254,1,10.12571,.0086011887,.20846844,5.5053315,.050010204,0,-.39999962,352,1.4092965,5.8636312,.005698204,-.31679714,NJ,newjers,38.200001,.0049417852,-5.3100286,-.038201332,9.1999998,.89999962,17.460075,.071807861,.031824064,-3.4475327,.042739391,8.9528637,.007270813
1987,7.0999999,8.1000004,60,1496,11889,173,4.010695,0,9.3833685,,,5.1532917,,,,235,1.9766171,5.4595857,,,NM,newmexico,6.6999998,.0044786097,-5.4084425,,19.4,,16.085674,,.11564171,-2.1572585,,7.3105502,
1990,7.4000001,9,67,1515,14124,183,4.4224424,1,9.5556307,.41174746,.17226219,5.209486,.056194305,.30000019,.89999962,273,1.9328802,5.6094718,.14988613,-.043736935,NM,newmexico,6.5999999,.0043564355,-5.436101,-.027658463,20.9,1.5,19.557997,3.4723225,.12079208,-2.1136847,.043573856,7.3231707,.012620449
1987,7.5999999,10.7,1019,17835,17943,307,5.7134848,0,9.7949553,,,5.7268476,,,,495,2.7587359,6.2045579,,,NY,newyork,110,.0061676479,-5.0884376,,14.3,,32.643909,,.017213345,-4.0620704,,9.7889185,
1990,7.5999999,9.6000004,1031,17990,22068,315,5.7309618,1,10.001884,.017477036,.20692825,5.7525725,.025724888,0,-1.0999994,556,2.5194852,6.3207684,.11621046,-.23925066,NY,newyork,104.3,.0057976656,-5.1503,-.061862469,14.3,0,32.843922,.20001221,.017509727,-4.0449986,.017071724,9.7975712,.0086526871
1987,7.9000001,11.9,171,6409,13353,179,2.668123,0,9.4994965,,,5.187386,,,,239,1.78986,5.4764633,,,NC,northcaro,29.700001,.0046341084,-5.3743114,,13.8,,7.1188803,,.027929474,-3.5780728,,8.7654581,
1990,8,10.6,255,6629,16383,190,3.846734,1,9.7039995,1.178611,.20450306,5.2470241,.059638023,.099999905,-1.2999992,237,1.4466215,5.46806,-.0084033012,-.34323847,NC,northcaro,30.1,.0045406548,-5.3946838,-.020372391,13,-.80000019,14.797363,7.678483,.02866194,-3.5521851,.025887728,8.7992096,.033751488
1987,4.9000001,8.6999998,15,671,12825,167,2.2354693,0,9.4591513,,,5.1179938,,,,345,2.6900585,5.8435445,,,ND,northdak,5.9000001,.0087928465,-4.7338166,,11.4,,4.997323,,.24888226,-1.3907753,,6.508769,
1990,5.5,8,16,639,15158,170,2.5039124,1,9.6262836,.26844311,.16713238,5.1357985,.017804623,.5999999,-.69999981,359,2.3683863,5.8833222,.039777756,-.3216722,ND,northdak,5.1999998,.008137715,-4.8112459,-.077429295,13.7,2.3000002,6.2695775,1.2722545,.26604068,-1.3241061,.066669226,6.4599047,-.048864365
1987,6.5999999,9.3000002,648,10816,14575,191,5.9911242,0,9.5870628,,,5.2522736,,,,299,2.0514579,5.7004437,,,OH,ohio,56.5,.0052237427,-5.2545409,,12.7,,35.89357,,.017659023,-4.0365086,,9.2887821,
1990,7.0999999,9.8000002,657,10847,17422,196,6.0569744,1,9.7654886,.065850258,.17842579,5.2781148,.025841236,.5,.5,328,1.8826771,5.7930136,.092569828,-.1687808,OH,ohio,52.099998,.0048031714,-5.338479,-.083938122,11.5,-1.1999998,36.686939,.79336929,.018069513,-4.0135293,.022979259,9.2916441,.0028619766
1987,6.6999998,9.6000004,101,3259,12607,145,3.0991101,0,9.4420071,,,4.9767337,,,,277,2.197192,5.6240177,,,OK,oklahoma,16.200001,.00497085,-5.3041644,,17,,9.6044836,,.044492174,-3.112442,,8.0891752,
1990,6.5999999,9.1999998,129,3146,15154,147,4.1004448,1,9.6260195,1.0013347,.18401241,4.9904327,.013699055,-.099999905,-.40000057,279,1.8410981,5.6312118,.0071940422,-.35609388,OK,oklahoma,14.9,.004736173,-5.3525257,-.048361301,15.6,-1.3999996,16.813648,7.2091646,.046726,-3.0634546,.048987389,8.0538874,-.035287857
1987,5.4000001,10.4,81,2723,13906,196,2.9746604,0,9.5400753,,,5.2781148,,,,334,2.4018409,5.811141,,,OR,oregon,10.3,.0037825927,-5.5773454,,14.2,,8.8486042,,.071979433,-2.6313748,,7.9094896,
1990,5,8.3000002,99,2842,17038,205,3.4834623,1,9.7432013,.50880194,.20312595,5.32301,.044895172,-.4000001,-2.0999994,374,2.1950934,5.9242558,.11311483,-.20674753,OR,oregon,10.4,.0036593946,-5.6104574,-.033112049,9.1999998,-5,12.13451,3.2859058,.072132304,-2.6292534,.0021214485,7.9522634,.042773724
1987,6.9000001,10.4,539,11942,15198,227,4.5134816,0,9.6289186,,,5.4249501,,,,335,2.2042375,5.8141303,,,PA,pennsyl,70.699997,.0059202812,-5.1293712,,10.6,,20.371517,,.019008541,-3.9628668,,9.3878164,
1990,7.0999999,9.6000004,549,11882,18725,235,4.6204343,1,9.837615,.10695267,.20869637,5.4595857,.034635544,.19999981,-.79999924,382,2.0400534,5.9454207,.13129044,-.16418409,PA,pennsyl,68.5,.0057650227,-5.1559463,-.026575089,11,.39999962,21.348413,.97689629,.019777816,-3.9231944,.039672375,9.3827801,-.0050363541
1987,6,8.3999996,42,986,15683,244,4.259635,0,9.6603327,,,5.4971681,,,,433,2.7609513,6.0707378,,,RI,rhode,5.0999999,.0051724138,-5.2644157,,8.1000004,,18.144489,,.24746451,-1.3964881,,6.8936563,
1990,6.1999998,8.1000004,52,1003,18771,254,5.1844468,1,9.8400688,.92481184,.17973614,5.5373344,.040166378,.19999981,-.29999924,499,2.658356,6.212606,.14186811,-.10259533,RI,rhode,4.4000001,.0043868395,-5.4291463,-.16473055,7.5,-.60000038,26.878489,8.7339993,.25324029,-1.3734165,.023071527,6.9107509,.017094612
1987,8.6000004,12.7,122,3426,12078,156,3.5610042,0,9.3991413,,,5.0498562,,,,187,1.5482696,5.2311087,,,SC,southcaro,15.1,.0044074724,-5.4244537,,15.6,,12.680751,,.045534149,-3.0892928,,8.1391487,
1990,8.6999998,11.7,118,3487,15043,161,3.3839977,1,9.6186676,-.17700648,.21952629,5.0814042,.031548023,.099999428,-1,203,1.3494649,5.3132062,.08209753,-.19880474,SC,southcaro,14.6,.0041869804,-5.4757752,-.051321507,16.200001,.60000038,11.45144,-1.229311,.046171494,-3.0753927,.013900042,8.1567974,.017648697
1987,5.1999998,9.8999996,18,709,12414,138,2.5387871,0,9.4265804,,,4.9272537,,,,268,2.1588528,5.5909872,,,SD,southdak,5.6999998,.0080394922,-4.8233895,,15.2,,6.4454403,,.19464034,-1.6366018,,6.5638556,
1990,5.0999999,10.1,19,696,15566,140,2.7298851,1,9.6528444,.19109797,.226264,4.9416423,.014388561,-.099999905,.20000076,272,1.7473981,5.6058021,.014814854,-.41145468,SD,southdak,5.4000001,.0077586207,-4.8589506,-.035561085,13.3,-1.8999996,7.4522729,1.0068326,.20114942,-1.6037073,.032894492,6.5453496,-.01850605
1987,8.1000004,11.7,181,4855,12977,187,3.7281153,0,9.4709339,,,5.2311087,,,,149,1.1481853,5.0039463,,,TN,tennessee,30.200001,.0062203915,-5.0799222,,16.9,,13.898844,,.038516995,-3.2566557,,8.4877644,
1990,8.1999998,10.3,230,4877,15869,196,4.7160139,1,9.672123,.98789859,.20118904,5.2781148,.04700613,.099999428,-1.3999996,186,1.1720965,5.2257466,.22180033,.023911238,TN,tennessee,29.6,.0060693049,-5.1045113,-.024589062,16.9,0,22.240788,8.3419437,.04018864,-3.2141709,.04248476,8.4922857,.0045213699
1987,6.9000001,9.1000004,500,16781,13840,169,2.9795601,0,9.5353184,,,5.1298985,,,,169,1.2210983,5.1298985,,,TX,texas,80.900002,.0048209284,-5.3347888,,17.6,,8.877779,,.010070913,-4.598104,,9.7280025,
1990,6.9000001,8.1000004,673,16987,16600,175,3.9618533,1,9.7171583,.98229313,.18183994,5.1647859,.034887314,0,-1,165,.99397588,5.1059456,-.023952961,-.22712243,TX,texas,78.900002,.0046447283,-5.3720226,-.037233829,15.9,-1.7000008,15.696281,6.8185024,.010301996,-4.5754175,.022686481,9.7402039,.012201309
1987,5.6999998,8.8000002,44,1680,11530,177,2.6190476,0,9.3527079,,,5.1761498,,,,344,2.9835212,5.8406415,,,UT,utah,5.9000001,.0035119047,-5.6515965,,10.2,,6.8594108,,.10535714,-2.2503994,,7.426549,
1990,5.6999998,7.5,47,1723,14036,185,2.7278004,1,9.5493803,.10875273,.19667244,5.220356,.044206142,0,-1.3000002,347,2.4722142,5.8493247,.0086832047,-.511307,UT,utah,5.5999999,.0032501451,-5.7290554,-.077458858,8.1999998,-2,7.4408951,.58148432,.10737087,-2.2314663,.018933058,7.4518223,.025273323
1987,5.3000002,8.5,20,547,14267,244,3.6563072,0,9.5657043,,,5.4971681,,,,454,3.1821687,6.1180973,,,VT,vermont,2.5,.004570384,-5.3881578,,9.3000002,,13.368583,,.44606948,-.80728054,,6.3044486,
1990,5.3000002,6.4000001,25,563,17630,253,4.4404974,1,9.7773571,.78419018,.21165276,5.5333896,.036221504,0,-2.0999999,527,2.989223,6.2672005,.14910316,-.19294572,VT,vermont,2.3,.0040852576,-5.5003705,-.11221266,10.9,1.5999994,19.718018,6.3494349,.44937834,-.7998901,.0073904395,6.3332796,.028831005
1987,6.9000001,10.2,145,5914,16539,204,2.4518092,0,9.7134762,,,5.31812,,,,255,1.5418103,5.5412636,,,VA,virginia,30.200001,.0051065269,-5.277236,,9.8999996,,6.0113683,,.034494419,-3.3669577,,8.6850777,
1990,7.1999998,10.2,158,6187,19679,213,2.5537417,1,9.8873072,.10193253,.17383099,5.3612924,.043172359,.29999971,0,265,1.3466132,5.57973,.038466454,-.19519711,VA,virginia,29.200001,.0047195735,-5.3560367,-.078800678,11.1,1.2000008,6.5215964,.51022816,.034427024,-3.3689134,-.0019557476,8.7302055,.045127869
1987,5.3000002,9.6999998,208,4542,15634,206,4.5794802,0,9.6572037,,,5.3278761,,,,441,2.8207753,6.089045,,,WA,washington,16.5,.0036327608,-5.6177626,,10,,20.971638,,.045354471,-3.0932465,,8.4211226,
1990,5.3000002,7.8000002,237,4867,18738,213,4.8695292,1,9.8383093,.29004908,.18110561,5.3612924,.033416271,0,-1.8999996,452,2.4122105,6.1136823,.024637222,-.40856481,WA,washington,15.8,.003246353,-5.7302232,-.11246061,8.8999996,-1.1000004,23.712315,2.7406769,.043764126,-3.1289408,-.035694361,8.4902334,.06911087
1987,7.0999999,9.8000002,111,1898,11013,164,5.8482614,0,9.3068314,,,5.0998664,,,,246,2.2337239,5.5053315,,,WV,westvirg,11.3,.0059536356,-5.1237531,,21.6,,34.20216,,.086406745,-2.4486895,,7.5485559,
1990,7.0999999,9.8999996,109,1793,13722,166,6.0791969,1,9.5267553,.23093557,.21992397,5.1119876,.012121201,0,.099999428,249,1.8146043,5.5174527,.012121201,-.4191196,WV,westvirg,10.2,.0056887898,-5.1692576,-.04550457,18.1,-3.5,36.956635,2.7544746,.092582263,-2.3796577,.069031715,7.4916453,-.056910515
1987,5.4000001,8.6000004,271,4807,14674,181,5.6376119,0,9.593833,,,5.1984968,,,,487,3.3187952,6.1882639,,,WI,wisconsin,25.4,.0052839606,-5.2430792,,9,,31.782667,,.037653424,-3.2793314,,8.477828,
1990,5.9000001,8.1999998,236,4892,17455,189,4.824203,1,9.7673817,-.81340885,.1735487,5.2417469,.043250084,.5,-.40000057,464,2.6582642,6.1398845,-.048379421,-.66053104,WI,wisconsin,23.700001,.0048446446,-5.3298812,-.086802006,9.3000002,.30000019,23.272934,-8.5097332,.038634505,-3.2536094,.025722027,8.4953566,.017528534
1987,7.6999998,9.1999998,13,490,12836,134,2.6530612,0,9.4600086,,,4.89784,,,,308,2.3995013,5.7300997,,,WY,wyoming,3.0999999,.0063265306,-5.0630031,,10.8,,7.0387335,,.27346939,-1.2965655,,6.1944056,
1990,7.4000001,8.6000004,16,454,16467,139,3.524229,1,9.7091141,.8711679,.24910545,4.934474,.036633968,-.29999971,-.59999943,313,1.9007713,5.7462034,.016103745,-.49873006,WY,wyoming,2.9000001,.0063876654,-5.0533862,.0096168518,11,.19999981,12.420191,5.3814573,.30616739,-1.1836233,.11294222,6.1180973,-.07630825
